order id,order url,items,to,date,total,shipping,shipping_refund,gift,tax,refund,payments
112-7789040-8270614,https://www.amazon.com/gp/css/order-details?orderID=112-7789040-8270614&ref=ppx_yo2ov_dt_b_fed_order_details,"[Upgraded] Bluetooth 5.3 AUX Adapter for Car, [LED Screen] [Noise Cancelling] 3.5mm Auxiliary Wireless Audio Receiver for Wired Headphones/Home Stereo, Music Playing, Hands-Free Call, Dual Connection; ",William W. Leonard,2025-07-28,19.07,0,,,1.08,,Visa ending in 0705: 2025-07-28: $19.07; 
111-0601214-8997032,https://www.amazon.com/gp/css/order-details?orderID=111-0601214-8997032&ref=ppx_yo2ov_dt_b_fed_order_details,"tomtoc 3.5L Sling Bag with RFID Blocking, Crossbody Bag Chest Shoulder Pack for Men and Women, Water-resistant Lightweight Casual Waist Fanny Pack for Travel/Daily Use; ",William W. Leonard,2025-07-18,46.74,0,,,2.65,,Visa ending in 0705: 2025-07-18: $46.74; 
112-6604431-3829061,https://www.amazon.com/gp/css/order-details?orderID=112-6604431-3829061&ref=ppx_yo2ov_dt_b_fed_order_details,WORKPRO Cordless Grass Shear & Shrubbery Trimmer - 2 in 1 Handheld 7.2V Electric Grass Trimmer Hedge Shears/Grass Cutter Rechargeable Lithium-Ion Battery and Type-C Cable Included; ,William W. Leonard,2025-07-10,16.59,0,,17.32,1.92,,Amazon gift card balance; Visa ending in 1234; 
111-4453279-6081069,https://www.amazon.com/gp/css/order-details?orderID=111-4453279-6081069&ref=ppx_yo2ov_dt_b_fed_order_details,"Meguiar’s Ultimate Polish – High-Gloss Polish for a Show Car Shine – Permanently Removes Light Swirls to Produce a Deep, Wet Reflection with a High Gloss Shine - Easy to Use, 16 Oz; Meguiar's Ultimate Compound - Pro-Grade Car Scratch Remover, Paint Correction Compound That Removes Defects While Adding Gloss and Shine, Single Stage and Clear Coat Scratch Remove, 15.2 Oz; ",William W. Leonard,2025-07-09,0,0,,25.07,1.42,,Visa ending in 0705; Amazon gift card balance; 
112-0955807-2321810,https://www.amazon.com/gp/css/order-details?orderID=112-0955807-2321810&ref=ppx_yo2ov_dt_b_fed_order_details,SEAFORM Women's Tankini Bathing Suits Two-Piece Tummy Control Swim Dress High Waist Printing Padded Swimsuits with Boyshorts Navy Blue; ,William W. Leonard,2025-07-02,35.13,0,,,1.99,,Visa ending in 1234: 2025-07-02: $35.13; 
112-8871636-9877807,https://www.amazon.com/gp/css/order-details?orderID=112-8871636-9877807&ref=ppx_yo2ov_dt_b_fed_order_details,"Glorious Gaming Model O 2 Wireless Gaming Mouse - Hybrid 2.4GHz & Bluetooth Wireless, 68g Superlight, Long Battery Life, 26k BAMF 2.0 Sensor, RGB, Ambidextrous, 6 Buttons, PTFE Feet - White; ",William W. Leonard,2025-07-02,84.79,0,,,4.80,,Visa ending in 0705: 2025-07-02: $84.79; 
112-6443041-7625056,https://www.amazon.com/gp/css/order-details?orderID=112-6443041-7625056&ref=ppx_yo2ov_dt_b_fed_order_details,SEAFORM Women's Tankini Bathing Suits Two-Piece Tummy Control Swim Dress High Waist Printing Padded Swimsuits with Boyshorts Navy Blue; ,William W. Leonard,2025-06-29,42.39,0,,,2.40,42.39,Visa ending in 1234: 2025-06-29: $42.39; 
112-3832629-8880214,https://www.amazon.com/gp/css/order-details?orderID=112-3832629-8880214&ref=ppx_yo2ov_dt_b_fed_order_details,"iPhone Fast Car Charger,2Pack Dual Port USB C Car Charger[MFI Certified]Power Delivery Car Adapter with 2Pack Lightning Cable Type C Rapid Car Charging for iPhone 14/14 Pro/13/12/11/X/Xs/Xr/SE/8/iPad; IWNTWY Cup Dispenser, Pull Type Water Cooler Cup Holder Fit 3oz-5oz Small Cups, Wall Mount Bathroom Disposable Mouthwash Cups Dispenser with Paste for Home Office Hospital (White); Ximytec 20W USB C Fast Charger [MFi-Certified] Compatible with iPhone 14/13/ 12/11/ XS/XR/X/ 8 /iPad, 2Pack PD Type C Charger Blocks with 6FT Type-C to Lightning Cables; ",William W. Leonard,2025-06-19,45.55,0,,,2.58,,Visa ending in 1234: 2025-06-19: $45.55; 
112-7061974-7545066,https://www.amazon.com/gp/css/order-details?orderID=112-7061974-7545066&ref=ppx_yo2ov_dt_b_fed_order_details,"UBeesize 12'' Selfie Ring Light with 62’’ Tripod Stand for Video Recording, Live Streaming(YouTube, Instagram, TIK Tok), Compatible with Phones, Cameras and Webcams; ",William W. Leonard,2025-06-18,31.46,0,,,1.78,,Visa ending in 0705: 2025-06-18: $31.46; 
112-2890414-2702652,https://www.amazon.com/gp/css/order-details?orderID=112-2890414-2702652&ref=ppx_yo2ov_dt_b_fed_order_details,"California Design Den 100% Organic Cotton Fitted Sheet Queen Size Only - Soft and Crisp Percale, Deep Pocket Queen Fitted Sheet, Lightweight and Snug-Fit, Cooling and Durable - Light Grey; ",William W. Leonard,2025-05-28,31.79,0,,,1.80,,Visa ending in 1234: 2025-05-28: $31.79; 
112-9668776-6697038,https://www.amazon.com/gp/css/order-details?orderID=112-9668776-6697038&ref=ppx_yo2ov_dt_b_fed_order_details,Seagate BarraCuda 2TB Internal Hard Drive HDD – 3.5 Inch SATA 6Gb/s 7200 RPM 256MB Cache – Frustration Free Packaging (ST2000DM008/ST2000DMZ08); ,William W. Leonard,2025-05-08,68.89,0,,,3.90,,Visa ending in 0705: 2025-05-08: $68.89; 
112-3669018-3671402,https://www.amazon.com/gp/css/order-details?orderID=112-3669018-3671402&ref=ppx_yo2ov_dt_b_fed_order_details,"Plastics 2000 - KYDEX Sheet - 0.080"" Thick, Black, 8"" x 12"", 2 Pack; Digital Caliper, Caliper Measuring Tool with Stainless Steel, Electronic Micrometer Caliper with Large LCD Screen, Auto-Off Feature, Inch and Millimeter Conversion (6 Inch/150 mm); ",William W. Leonard,2025-04-28,44.46,0,,,2.52,,Visa ending in 0705: 2025-04-28: $44.46; 
112-2876509-7328219,https://www.amazon.com/gp/css/order-details?orderID=112-2876509-7328219&ref=ppx_yo2ov_dt_b_fed_order_details,HolsterSmith Kydex Holster Eyelets - (#8-8 Length) - (1/4 in. Diameter) - (Black Coated) - (100 Pack) - (USA Made) - Kydex Rivets for DIY Holster and Sheath Making; ,William W. Leonard,2025-04-22,19.03,0,,,1.08,,Visa ending in 0705: 2025-04-22: $19.03; 
112-9448520-8281060,https://www.amazon.com/gp/css/order-details?orderID=112-9448520-8281060&ref=ppx_yo2ov_dt_b_fed_order_details,"2-Pack Slow Down Kids and Pets at Play Signs 18"" x 12"" 40Mil Rust Free Aluminum, Weather Resistant, Waterproof, Durable Ink, Easy to Mount for Neighborhood Driveway or Yard; ",William W. Leonard,2025-04-16,26.49,0,,,1.50,,Visa ending in 0705: 2025-04-16: $26.49; 
111-7754929-8175426,https://www.amazon.com/gp/css/order-details?orderID=111-7754929-8175426&ref=ppx_yo2ov_dt_b_fed_order_details,"DEWALT Portable Band Saw Blade, 44-7/8-Inch, .020-Inch, 18 TPI, 3-Pack (DW3983); ",William W. Leonard,2025-04-15,21.21,0,,,1.20,,Visa ending in 0705: 2025-04-15: $21.21; 
112-1685929-1144205,https://www.amazon.com/gp/css/order-details?orderID=112-1685929-1144205&ref=ppx_yo2ov_dt_b_fed_order_details,"LBXR20 20V 3.0Ah Replacement for Black and Decker 20V Lithium Battery LB20 LBX20 LBXR20-OPE LBXR2020-OPE LB2X4020-OPE LBXR20B-2 LST220 LST300,with 16V/20V Multiple Volt Output Battery Charger; ",William W. Leonard,2025-04-14,27.00,0,,,1.53,,Visa ending in 1234: 2025-04-14: $27.00; 
112-2987291-0131423,https://www.amazon.com/gp/css/order-details?orderID=112-2987291-0131423&ref=ppx_yo2ov_dt_b_fed_order_details,"NEENCA Copper Knee Braces for Knee Pain Relief - 2 Pack Knee Sleeves Set, Knee Compression Sleeves with Copper Ions Infused Fiber for Sports, Workout, Arthritis, Meniscus Tear- FSA/HSA Eligible; ",William W. Leonard,2025-04-12,31.79,0,,,1.80,,Visa ending in 5774: 2025-04-12: $31.79; 
112-7460552-7354602,https://www.amazon.com/gp/css/order-details?orderID=112-7460552-7354602&ref=ppx_yo2ov_dt_b_fed_order_details,"NEIKO 02638A 5-Inch Automatic Center Punch for Metal, Adjustable Impact Spring Loaded Center Punch Tool, Spring Punch, Center Punch Spring Loaded, Auto Center Punch; PULUZ Light Box Photography, 24x24 inch Large Photo Studio Light Box, Professional Dimmable Photo Booth with 120 LED Lights & 6 Backdrops for Jewelry and Food Items Product Photography; ",William W. Leonard,2025-04-08,107.02,0,,,6.06,,Visa ending in 0705: 2025-04-08: $107.02; 
111-2886308-4748264,https://www.amazon.com/gp/css/order-details?orderID=111-2886308-4748264&ref=ppx_yo2ov_dt_b_fed_order_details,"JOYIN 10-in-1 Military Helicopter Toys Set with Light, Sound, Trucks, Boat, Bike, Army Men, Weapons - Christmas Birthday Party Gifts for Kids; ",CELENA KEENER,2025-03-28,37.09,0,,,2.10,,Visa ending in 1234: 2025-03-28: $37.09; 
111-6669288-9641853,https://www.amazon.com/gp/css/order-details?orderID=111-6669288-9641853&ref=ppx_yo2ov_dt_b_fed_order_details,"Panasonic Cordless Phone with Answering Machine, Link2Cell Bluetooth, Voice Assistant and Advanced Call Blocking, Expandable System with 4 Handsets - KX-TGD864W (White); ",William W. Leonard,2025-03-18,95.39,0,,,5.40,,Visa ending in 1234: 2025-03-18: $95.39; 
112-1626939-2317027,https://www.amazon.com/gp/your-account/order-details/ref=oh_aui_or_o01_?ie=UTF8&orderID=112-1626939-2317027,,,2025-03-06,,,,,,,UNKNOWN; 
111-6280274-3014657,https://www.amazon.com/gp/css/order-details?orderID=111-6280274-3014657&ref=ppx_yo2ov_dt_b_fed_order_details,Grobet USA Pillar Checkering File 6 Inch Cut 00 20 lines per inch; ,William W. Leonard,2025-03-04,33.70,0,,,1.91,,Visa ending in 0705: 2025-03-04: $33.70; 
112-8360399-6049042,https://www.amazon.com/gp/css/order-details?orderID=112-8360399-6049042&ref=ppx_yo2ov_dt_b_fed_order_details,"Chefman Electric Griddle with Removable Temperature Control, Immersible Flat Top Grill, Burger, Eggs, Pancake Griddle, Nonstick Easy Clean Cooking Surface, Slide Out Drip Tray, 10 x 16 Inch; ",William W. Leonard,2025-02-26,31.79,0,,,1.80,,Visa ending in 0705: 2025-02-26: $31.79; 
112-0170337-0781079,https://www.amazon.com/gp/css/order-details?orderID=112-0170337-0781079&ref=ppx_yo2ov_dt_b_fed_order_details,"Glass Tube Pipe Joint Adapter Connector 10/14 and 14/18 Joint Sizes for Chemistry Laboratory Set Up (2, 10/14 Joint); ",William W. Leonard,2025-02-26,14.83,0,,,0.84,,Visa ending in 0705: 2025-02-26: $14.83; 
112-1736591-3991408,https://www.amazon.com/gp/css/order-details?orderID=112-1736591-3991408&ref=ppx_yo2ov_dt_b_fed_order_details,,William W. Leonard,2025-02-24,26.02,,,,1.48,,Visa ending in 0705: 2025-02-24: $26.02; 
111-9605870-8550667,https://www.amazon.com/gp/css/order-details?orderID=111-9605870-8550667&ref=ppx_yo2ov_dt_b_fed_order_details,"WEN 429DPC Drill Press Clamp, 9""; YESWELDER 25 LB Welding Magnet-4 Pieces of Magnetic Welding Holder 25 LBS Holding Power Welding Accessories; DEWALT Portable Band Saw Blade, 44-7/8-Inch, .020-Inch, 24 TPI, 3-Pack (DW3984); ",William W. Leonard,2025-02-14,53.83,0,,,3.05,,Visa ending in 0705: 2025-02-14: $53.83; 
111-1863292-5605067,https://www.amazon.com/gp/css/order-details?orderID=111-1863292-5605067&ref=ppx_yo2ov_dt_b_fed_order_details,"Electric Spin Scrubber, Cordless Cleaning Brush with 8 Replaceable Cleaner Brush, Power Shower Scrubber with Long Handle, Electric Scrubber for Cleaning Floor Bathroom Bathtub Tile; ",William W. Leonard,2025-02-02,15.89,0,,,0.90,,Visa ending in 1234: 2025-02-02: $15.89; 
112-8412740-7794659,https://www.amazon.com/gp/css/order-details?orderID=112-8412740-7794659&ref=ppx_yo2ov_dt_b_fed_order_details,"Electric Spin Scrubber, Cordless Cleaning Brush with 8 Replaceable Cleaner Brush, Power Shower Scrubber with Long Handle, Electric Scrubber for Cleaning Floor Bathroom Bathtub Tile; ",William W. Leonard,2025-02-02,15.89,0,,,0.90,,Visa ending in 1234: 2025-02-02: $15.89; 
111-7708462-9243425,https://www.amazon.com/gp/css/order-details?orderID=111-7708462-9243425&ref=ppx_yo2ov_dt_b_fed_order_details,"VEVOR Blacksmith Tongs, 18” Z V-Bit Tongs, Carbon Steel Forge Tongs with A3 Steel Rivets, for Knife Blades, Long Pieces, Circular Forgings, for Beginner and Seasoned Blacksmiths and Bladesmiths; ",William W. Leonard,2025-01-27,26.34,0,,,1.49,,Visa ending in 0705: 2025-01-27: $26.34; 
111-9408058-1844223,https://www.amazon.com/gp/css/order-details?orderID=111-9408058-1844223&ref=ppx_yo2ov_dt_b_fed_order_details,"KOMAN 12FT Propane Adapter Hose 1 lb to 20 lb Converter,Converter for Buddy Heaters,Weber Q/Blackstone GriddleGrill,Coleman Camping Stove,1lb Propane Appliances Connect to 20lb Tank,Certified; ",William W. Leonard,2025-01-26,21.19,0,,,1.20,,Visa ending in 0705: 2025-01-26: $21.19; 
111-5295363-4273808,https://www.amazon.com/gp/css/order-details?orderID=111-5295363-4273808&ref=ppx_yo2ov_dt_b_fed_order_details,"Mr Heater 4000 to 18000 BTU 3 Setting Portable LP Gas Heater Unit with Dual Tank Connection for Indoor and Outdoor Use, Black/Red; ",William W. Leonard,2025-01-20,127.19,0,,,7.20,,Visa ending in 0705: 2025-01-20: $127.19; 
111-7903918-5246658,https://www.amazon.com/gp/css/order-details?orderID=111-7903918-5246658&ref=ppx_yo2ov_dt_b_fed_order_details,Stainless Steel Screens (5-Pack) Compatible with Dynavap; ,William W. Leonard,2025-01-13,10.59,0,,,0.60,,Visa ending in 0705: 2025-01-13: $10.59; 
111-1905539-8925004,https://www.amazon.com/gp/css/order-details?orderID=111-1905539-8925004&ref=ppx_yo2ov_dt_b_fed_order_details,"Drill America 1/4""-20 Tap and #7 Drill Bit Kit, POU Series; Vifmy 110 Pack 1/4""-20 Inch Lock Nuts,304 (A2-70) Stainless Steel Nylon Insert Locknuts,Standard Inch Thread Nylock Nuts; NoCry Clear Safety Glasses for Women with Adjustable Frames — Anti Fog Safety Glasses with 100% UV Protection & Scratch Resistance, ANSI Z87.1 Rated — Perfect Safety Goggles for Women, Nursing Goggles; 1/4-20 x 1-1/4"" Flat Head Socket Cap Screws Countersunk Bolts, Allen Socket Drive, Stainless Steel 18-8 (304), Bright Finish, 50 PCS; ",William W. Leonard,2025-01-06,46.57,0,,,2.64,,Visa ending in 0705: 2025-01-06: $46.57; 
D01-0263226-2400268,https://www.amazon.com/gp/digital/your-account/order-summary.html/ref=ppx_yo_dt_b_dor_351_o00?ie=UTF8&orderID=D01-0263226-2400268,The Dark Tower VI: Song of Susannah; ,William W. Leonard,2025-08-27,11.99,,,,0,,2025-08-27: $11.99; 
D01-2491942-6093026,https://www.amazon.com/gp/digital/your-account/order-summary.html/ref=ppx_yo_dt_b_dor_351_o01?ie=UTF8&orderID=D01-2491942-6093026,The Dark Tower V: Wolves of the Calla; ,William W. Leonard,2025-07-20,11.99,,,,0,,2025-07-20: $11.99; 
D01-9146362-0221045,https://www.amazon.com/gp/digital/your-account/order-summary.html/ref=ppx_yo_dt_b_dor_613_o02?ie=UTF8&orderID=D01-9146362-0221045,MLB.TV ; ,William W. Leonard,pending,160.49,,,,10.50,,
D01-6596783-5536212,https://www.amazon.com/gp/digital/your-account/order-summary.html/ref=ppx_yo_dt_b_dor_613_o03?ie=UTF8&orderID=D01-6596783-5536212,MLB.TV ; ,William W. Leonard,pending,0,,,,0,,
D01-6024624-1197004,https://www.amazon.com/gp/digital/your-account/order-summary.html/ref=ppx_yo_dt_b_dor_351_o04?ie=UTF8&orderID=D01-6024624-1197004,The Dark Tower IV: Wizard and Glass; ,William W. Leonard,2025-03-04,8.74,,,,0,,2025-03-04: $8.74; 
D01-3391263-7881811,https://www.amazon.com/gp/digital/your-account/order-summary.html/ref=ppx_yo_dt_b_dor_351_o05?ie=UTF8&orderID=D01-3391263-7881811,The Dark Tower III: The Waste Lands; ,William W. Leonard,2025-02-10,9.49,,,,0,,2025-02-10: $9.49; 
order id,order url,items,to,date,total,shipping,shipping_refund,gift,tax,refund,payments