OrderID,Buyer,Total,Date
05-13274-54302,kemil5865,31.95,2025-07-01T06:41:17.000Z
23-13250-45728,heidijo33311,8.0,2025-07-01T07:16:08.000Z
25-13248-19226,maolozano,7.2,2025-07-01T09:16:48.000Z
09-13269-48478,anklbels,24.95,2025-07-01T12:08:23.000Z
13-13265-69911,iq32,18.95,2025-07-01T17:13:17.000Z
25-13252-71737,igotstuff4sale,15.99,2025-07-02T11:13:11.000Z
17-13265-26180,ponhco,29.99,2025-07-02T20:48:49.000Z
13-13271-10476,3dfan42,12.95,2025-07-02T22:23:53.000Z
18-13264-57011,arjunc_u01ve7,34.03,2025-07-03T00:02:18.000Z
13-13271-42460,yaashle0,9.59,2025-07-03T00:26:40.000Z
12-13274-85711,shrp3310_9ogcjsk,29.95,2025-07-03T15:28:42.000Z
18-13267-01135,zeehat_0,39.99,2025-07-03T16:17:34.000Z
10-13279-53956,royhobbs10291970-7,17.95,2025-07-04T03:44:59.000Z
14-13276-14745,jerevitt,35.0,2025-07-04T17:04:33.000Z
14-13279-96909,dakapp81,0.0,2025-07-05T19:47:10.000Z
02-13297-05266,rictr8505,13.95,2025-07-06T02:54:26.000Z
03-13295-65492,kjscolzie,45.0,2025-07-06T05:25:33.000Z
23-13273-48823,parlleg0,62.99,2025-07-07T05:39:09.000Z
03-13301-34904,happyfluffybunny,10.0,2025-07-07T14:28:00.000Z
15-13287-03092,ancunni_1096,15.95,2025-07-07T19:47:03.000Z
17-13288-37737,2p.gaming,29.99,2025-07-08T18:12:52.000Z
17-13288-95731,samapark-99,11.99,2025-07-08T20:37:31.000Z
13-13294-52732,antwi-1249,54.99,2025-07-08T20:39:43.000Z
18-13287-87753,dammcfa-61,10.0,2025-07-08T21:18:05.000Z
20-13286-11895,stoickiwi,10.0,2025-07-09T02:57:43.000Z
10-13299-63262,nisc_7,34.99,2025-07-09T06:24:56.000Z
20-13286-52260,toxiicm-34,75.27,2025-07-09T06:44:42.000Z
04-13309-77182,jajoh-7184,28.23,2025-07-09T18:08:16.000Z
04-13311-08409,hawkdrygoods,15.95,2025-07-10T00:56:12.000Z
22-13287-86069,angrobi_86,19.95,2025-07-10T05:26:52.000Z
10-13305-90433,marbr-7202,74.99,2025-07-10T18:58:55.000Z
16-13298-71665,pubman07,13.99,2025-07-10T22:37:36.000Z
25-13287-80264,lla2,27.99,2025-07-11T04:30:22.000Z
03-13318-09191,ingbul-45,31.95,2025-07-11T14:37:29.000Z
18-13299-52240,annaj_us2015,9.59,2025-07-11T20:21:48.000Z
23-13293-67166,dajer_4694,42.95,2025-07-12T01:48:36.000Z
11-13310-28357,metalsanchez64,29.99,2025-07-12T09:21:34.000Z
04-13320-63626,jonawi-13,12.0,2025-07-12T16:00:34.000Z
03-13323-52348,chaley79,17.99,2025-07-13T02:21:34.000Z
18-13306-76508,ezri72,10.99,2025-07-13T21:46:36.000Z
06-13322-91740,brasans0,24.99,2025-07-13T22:07:39.000Z
23-13300-34653,koc83010,8.0,2025-07-13T23:09:07.000Z
02-13332-02773,mathp18,11.99,2025-07-14T18:52:19.000Z
17-13312-99742,amandsammon_0,8.99,2025-07-15T00:18:50.000Z
03-13334-18308,crandall7680,11.99,2025-07-15T17:11:50.000Z
13-13321-54745,grooms44,21.99,2025-07-15T18:22:18.000Z
07-13330-34575,chmu-36,14.0,2025-07-15T22:48:52.000Z
21-13312-87466,kkt9953,21.99,2025-07-16T09:51:53.000Z
06-13333-72923,retro-modder002,19.99,2025-07-16T12:54:28.000Z
16-13321-43753,jean-9468,26.95,2025-07-16T17:57:58.000Z
22-13314-66705,missrita19,18.99,2025-07-16T22:51:56.000Z
24-13328-01983,crandall7680,11.99,2025-07-17T08:32:18.000Z
27-13311-71992,ben.s.we_837,19.99,2025-07-17T20:06:08.000Z
26-13313-40086,bschroer1,11.99,2025-07-17T23:18:03.000Z
04-13342-84747,paulwilliams1956,32.39,2025-07-18T00:15:29.000Z
16-13328-17045,trmartinez1123,32.0,2025-07-18T11:07:17.000Z
20-13324-08619,deannatucker-5,32.99,2025-07-18T17:13:45.000Z
10-13337-37144,ramont2020,29.99,2025-07-18T17:26:43.000Z
06-13343-60395,4martins320,48.98,2025-07-18T20:26:01.000Z
24-13334-30345,mediawavect,34.99,2025-07-18T21:08:25.000Z
19-13326-63558,ohar_nico,9.99,2025-07-18T23:25:56.000Z
07-13343-03807,more4urdollar,29.99,2025-07-19T01:51:44.000Z
03-13348-93139,chera6417,24.99,2025-07-19T10:13:36.000Z
10-13340-22806,edw732238,32.0,2025-07-19T14:13:12.000Z
27-13318-05639,luzpenalozaromero,23.99,2025-07-19T15:09:08.000Z
12-13338-07951,mainevintagetoys,10.0,2025-07-19T15:35:18.000Z
17-13331-76170,sashas90,15.15,2025-07-19T18:06:50.000Z
27-13318-77714,lolasakura,15.95,2025-07-19T18:33:17.000Z
13-13338-38368,sm8944,0.0,2025-07-20T00:12:10.000Z
15-13335-65261,dousla_9921,16.23,2025-07-20T02:15:45.000Z
05-13349-69842,beckercb,12.0,2025-07-20T04:07:02.000Z
02-13353-61827,crossplaygaming,14.99,2025-07-20T05:31:22.000Z
20-13330-57524,aearleyyyy,19.99,2025-07-20T14:53:22.000Z
06-13351-36710,lilmoj-0,23.52,2025-07-20T23:28:29.000Z
03-13356-79297,niu_5398,5.52,2025-07-21T11:22:53.000Z
25-13328-78419,moverly,19.99,2025-07-21T15:50:01.000Z
05-13357-88474,bigdog79,14.99,2025-07-22T01:18:58.000Z
14-13345-50791,winthe_9257,22.99,2025-07-22T01:24:37.000Z
05-13358-42008,djtre334,12.0,2025-07-22T05:02:51.000Z
15-13345-70791,jo-0426,36.49,2025-07-22T13:39:11.000Z
13-13350-99467,patreeya,47.06,2025-07-22T23:53:35.000Z
04-13364-29802,wmschiavone,28.99,2025-07-23T11:33:59.000Z
15-13350-08083,camsm83,29.99,2025-07-23T14:36:25.000Z
06-13363-44876,daniekalugi-0,1.74,2025-07-23T18:46:12.000Z
21-13343-08584,vaio3400,1.74,2025-07-23T19:10:11.000Z
13-13354-37572,knute44,1.94,2025-07-23T19:47:37.000Z
11-13356-82744,jasil9795,2.24,2025-07-23T20:01:04.000Z
08-13361-08286,aromanpr,6.15,2025-07-23T22:08:24.000Z
03-13367-91457,kjwalz,37.06,2025-07-23T22:33:57.000Z
10-13358-70935,jcla1707,2.24,2025-07-23T23:09:06.000Z
25-13339-07103,adgear0,1.74,2025-07-24T00:11:42.000Z
24-13355-05052,nico9591,5.74,2025-07-24T00:24:21.000Z
17-13349-63459,baff1,3.23,2025-07-24T00:37:44.000Z
12-13357-00041,digitalcrates_73,34.99,2025-07-24T03:44:12.000Z
08-13362-63372,v8drh8tr,2.24,2025-07-24T09:50:56.000Z
21-13347-45410,elia1284,38.23,2025-07-24T20:30:01.000Z
11-13364-73389,fragu2448,0.0,2025-07-25T19:37:25.000Z
18-13355-67990,d-lo_nyc2,23.99,2025-07-25T20:37:19.000Z
14-13361-31077,lionofjudahguide1,0.0,2025-07-25T22:31:22.000Z
07-13376-65760,gtmoe33,68.02,2025-07-27T16:16:16.000Z
